lead_id,sdt,ten,scan_time,campaign_id,post_id,product,region,branch,need_type,status,segment,event_name,qr_code_id
QR-01719,0902-136-699,Khách hàng 1719,2026-01-07T09:06:00Z,CMP-2026-Q1,,Thẻ tín dụng hoàn tiền,Miền Trung,CN Đà Nẵng,So sánh sản phẩm,Mới,warm,Roadshow chi nhánh,QR-035
QR-01878,0907-661-647,Khách hàng 1878,2026-01-07T10:27:00Z,CMP-2026-Q1,,Thẻ tín dụng hoàn tiền,Miền Bắc,CN Hà Nội - Cầu Giấy,Hỏi ưu đãi,Thành công,nurture,Ngày hội khách hàng,QR-039
QR-01210,0953-945-767,Khách hàng 1210,2026-01-12T09:46:00Z,CMP-2026-Q1,,Thẻ tín dụng hoàn tiền,Miền Trung,CN Đà Nẵng,So sánh sản phẩm,Mới,nurture,Hội chợ tài chính,QR-040
QR-00032,0952-069-207,Khách hàng 0032,2026-01-13T12:13:00Z,CMP-2026-Q1,P-Q1-02,Thẻ tín dụng hoàn tiền,Miền Bắc,CN Hải Phòng,Mở mới,Đang liên hệ,nurture,Hội chợ tài chính,QR-012
QR-01782,0921-305-912,Khách hàng 1782,2026-01-13T19:40:00Z,CMP-2026-Q1,,Thẻ tín dụng hoàn tiền,Miền Bắc,CN Hải Phòng,So sánh sản phẩm,Chuyển hồ sơ,warm,Roadshow chi nhánh,QR-018
QR-00001,0973-628-909,Khách hàng 0001,2026-01-15T22:30:00Z,CMP-2026-Q1,P-Q1-01,Thẻ tín dụng hoàn tiền,Miền Nam,CN TP.HCM - Quận 1,Tư vấn sản phẩm,Mới,nurture,Hội chợ tài chính,QR-009
QR-05635,0971-489-568,Khách hàng 1659,2026-01-18T23:52:00Z,CMP-2026-Q1,,Thẻ tín dụng hoàn tiền,Miền Nam,CN Cần Thơ,Tư vấn sản phẩm,Đang liên hệ,nurture,Roadshow chi nhánh,QR-003
QR-00024,0949-098-910,Khách hàng 0024,2026-01-22T08:27:00Z,CMP-2026-Q1,P-Q1-02,Thẻ tín dụng hoàn tiền,Miền Nam,CN Cần Thơ,Hỗ trợ hồ sơ,Chuyển hồ sơ,hot,Hội chợ tài chính,QR-036
QR-00028,0961-846-873,Khách hàng 0028,2026-01-23T12:24:00Z,CMP-2026-Q1,P-Q1-02,Thẻ tín dụng hoàn tiền,Miền Nam,CN Cần Thơ,Hỏi ưu đãi,Thành công,warm,Hội chợ tài chính,QR-022
QR-05590,0940-108-726,Khách hàng 1587,2026-01-26T09:04:00Z,CMP-2026-Q1,,Thẻ tín dụng hoàn tiền,Miền Bắc,CN Hải Phòng,Hỏi ưu đãi,Mới,warm,Sự kiện toà nhà văn phòng,QR-009
QR-01622,0952-047-737,Khách hàng 1622,2026-01-27T17:34:00Z,CMP-2026-Q1,,Thẻ tín dụng hoàn tiền,Miền Nam,CN TP.HCM - Thủ Đức,Hỗ trợ hồ sơ,Đang liên hệ,low_priority,Roadshow chi nhánh,QR-001
QR-00033,0973-028-306,Khách hàng 0033,2026-01-27T18:21:00Z,CMP-2026-Q1,P-Q1-02,App số & Tiết kiệm online,Miền Trung,CN Huế,Hỗ trợ hồ sơ,Đã tư vấn,nurture,Roadshow chi nhánh,QR-033
QR-01639,0983-002-187,Khách hàng 1639,2026-01-29T16:45:00Z,CMP-2026-Q1,,Thẻ tín dụng hoàn tiền,Miền Trung,CN Huế,Tư vấn sản phẩm,Mới,warm,Roadshow chi nhánh,QR-012
QR-01715,0969-151-566,Khách hàng 1715,2026-01-30T15:39:00Z,CMP-2026-Q1,,Thẻ tín dụng hoàn tiền,Miền Nam,CN TP.HCM - Thủ Đức,Mở mới,Chuyển hồ sơ,nurture,Roadshow chi nhánh,QR-030
QR-00029,0954-456-562,Khách hàng 0029,2026-01-30T22:26:00Z,CMP-2026-Q1,P-Q1-02,Thẻ tín dụng hoàn tiền,Miền Bắc,CN Hà Nội - Cầu Giấy,Mở mới,Không liên hệ được,warm,Hội chợ tài chính,QR-025
QR-00049,0915-038-991,Khách hàng 0049,2026-02-02T19:15:00Z,CMP-2026-Q1,P-Q1-03,Thẻ tín dụng hoàn tiền,Miền Trung,CN Huế,Mở mới,Đang liên hệ,hot,Roadshow chi nhánh,QR-025
QR-01491,0928-306-459,Khách hàng 1491,2026-02-03T08:37:00Z,CMP-2026-Q1,,Tài khoản lương,Miền Nam,CN TP.HCM - Thủ Đức,Tư vấn sản phẩm,Đang liên hệ,hot,Sự kiện toà nhà văn phòng,QR-012
QR-00107,0902-029-713,Khách hàng 0107,2026-02-03T21:59:00Z,CMP-2026-Q1,P-Q1-06,Thẻ tín dụng hoàn tiền,Miền Trung,CN Nha Trang,Hỗ trợ hồ sơ,Mới,warm,Sự kiện toà nhà văn phòng,QR-005
QR-01490,0908-307-061,Khách hàng 1490,2026-02-04T14:19:00Z,CMP-2026-Q1,,Thẻ tín dụng hoàn tiền,Miền Nam,CN TP.HCM - Thủ Đức,Tư vấn sản phẩm,Đang liên hệ,hot,Ngày hội khách hàng,QR-038
QR-00105,0984-462-303,Khách hàng 0105,2026-02-07T16:56:00Z,CMP-2026-Q1,P-Q1-06,Thẻ tín dụng hoàn tiền,Miền Bắc,CN Hải Phòng,Mở mới,Chuyển hồ sơ,warm,Roadshow chi nhánh,QR-005
QR-05507,0919-532-743,Khách hàng 0114,2026-02-08T01:03:00Z,CMP-2026-Q1,P-Q1-07,Thẻ tín dụng hoàn tiền,Miền Nam,CN Bình Dương,So sánh sản phẩm,Mới,warm,Ngày hội khách hàng,QR-016
QR-05599,0917-926-304,Khách hàng 1577,2026-02-10T11:06:00Z,CMP-2026-Q1,,Thẻ tín dụng hoàn tiền,Miền Trung,CN Đà Nẵng,So sánh sản phẩm,Thành công,low_priority,Sự kiện toà nhà văn phòng,QR-037
QR-00159,0912-619-290,Khách hàng 0159,2026-02-11T12:25:00Z,CMP-2026-Q1,P-Q1-07,Thẻ tín dụng hoàn tiền,Miền Nam,CN Cần Thơ,Mở mới,Mới,low_priority,Hội chợ tài chính,QR-006
QR-00145,0992-549-931,Khách hàng 0145,2026-02-12T17:01:00Z,CMP-2026-Q1,P-Q1-07,Thẻ tín dụng hoàn tiền,Miền Nam,CN TP.HCM - Quận 1,Tư vấn sản phẩm,Mới,warm,Roadshow chi nhánh,QR-023
QR-01779,0929-714-050,Khách hàng 1779,2026-02-12T18:15:00Z,CMP-2026-Q1,,Thẻ tín dụng hoàn tiền,Miền Bắc,CN Bắc Ninh,Tư vấn sản phẩm,Đang liên hệ,hot,Hội chợ tài chính,QR-013
QR-05593,0994-494-163,Khách hàng 1620,2026-02-13T12:49:00Z,CMP-2026-Q1,,Thẻ tín dụng hoàn tiền,Miền Bắc,CN Hà Nội - Cầu Giấy,Hỗ trợ hồ sơ,Mới,warm,Sự kiện toà nhà văn phòng,QR-031
QR-01999,0959-988-248,Khách hàng 1999,2026-02-13T14:48:00Z,CMP-2026-Q1,,Thẻ tín dụng hoàn tiền,Miền Nam,CN Bình Dương,So sánh sản phẩm,Thành công,hot,Sự kiện toà nhà văn phòng,QR-034
QR-01855,0978-664-211,Khách hàng 1855,2026-02-13T18:10:00Z,CMP-2026-Q1,,Thẻ tín dụng hoàn tiền,Miền Bắc,CN Hà Nội - Cầu Giấy,Hỗ trợ hồ sơ,Mới,low_priority,Sự kiện toà nhà văn phòng,QR-001
QR-00176,0934-001-257,Khách hàng 0176,2026-02-15T17:14:00Z,CMP-2026-Q1,P-Q1-08,App số & Tiết kiệm online,Miền Nam,CN Bình Dương,Mở mới,Mới,hot,Sự kiện toà nhà văn phòng,QR-013
QR-05601,0932-354-939,Khách hàng 0120,2026-02-15T17:57:00Z,CMP-2026-Q1,P-Q1-07,Thẻ tín dụng hoàn tiền,Miền Nam,CN TP.HCM - Thủ Đức,Mở mới,Không liên hệ được,hot,Hội chợ tài chính,QR-016
QR-01184,0927-936-094,Khách hàng 1184,2026-02-18T08:54:00Z,CMP-2026-Q1,,Thẻ tín dụng hoàn tiền,Miền Trung,CN Đà Nẵng,Mở mới,Thành công,warm,Hội chợ tài chính,QR-030
QR-00177,0967-932-912,Khách hàng 0177,2026-02-18T21:38:00Z,CMP-2026-Q1,P-Q1-08,Thẻ tín dụng hoàn tiền,Miền Nam,CN Cần Thơ,Hỏi ưu đãi,Mới,hot,Hội chợ tài chính,QR-002
QR-00127,0931-473-093,Khách hàng 0127,2026-02-20T13:33:00Z,CMP-2026-Q1,P-Q1-07,Thẻ tín dụng hoàn tiền,Miền Trung,CN Đà Nẵng,Tư vấn sản phẩm,Không liên hệ được,low_priority,Sự kiện toà nhà văn phòng,QR-024
QR-01107,0968-922-234,Khách hàng 1107,2026-02-22T15:32:00Z,CMP-2026-Q1,,Tài khoản lương,Miền Nam,CN Bình Dương,Tư vấn sản phẩm,Đang liên hệ,warm,Sự kiện toà nhà văn phòng,QR-022
QR-00193,0968-686-925,Khách hàng 0193,2026-02-22T15:35:00Z,CMP-2026-Q1,P-Q1-09,Vay mua nhà,Miền Nam,CN TP.HCM - Thủ Đức,Hỗ trợ hồ sơ,Mới,hot,Sự kiện toà nhà văn phòng,QR-016
QR-01633,0956-286-181,Khách hàng 1633,2026-02-22T18:17:00Z,CMP-2026-Q1,,Vay mua nhà,Miền Trung,CN Nha Trang,Hỏi ưu đãi,Mới,warm,Ngày hội khách hàng,QR-010
QR-05631,0954-611-555,Khách hàng 1499,2026-02-23T10:13:00Z,CMP-2026-Q1,,Thẻ tín dụng hoàn tiền,Miền Nam,CN TP.HCM - Thủ Đức,Tư vấn sản phẩm,Mới,nurture,Hội chợ tài chính,QR-020
QR-01886,0909-205-059,Khách hàng 1886,2026-02-24T16:40:00Z,CMP-2026-Q1,,Thẻ tín dụng hoàn tiền,Miền Trung,CN Đà Nẵng,Mở mới,Mới,nurture,Roadshow chi nhánh,QR-036
QR-00213,0982-728-937,Khách hàng 0213,2026-02-24T17:31:00Z,CMP-2026-Q1,P-Q1-09,Thẻ tín dụng hoàn tiền,Miền Bắc,CN Hà Nội - Cầu Giấy,Mở mới,Mới,warm,Roadshow chi nhánh,QR-014
QR-05566,0923-806-785,Khách hàng 1444,2026-02-24T21:18:00Z,CMP-2026-Q1,,Thẻ tín dụng hoàn tiền,Miền Trung,CN Huế,Mở mới,Không liên hệ được,warm,Sự kiện toà nhà văn phòng,QR-027
QR-00108,0977-652-596,Khách hàng 0108,2026-02-25T15:14:00Z,CMP-2026-Q1,P-Q1-07,Thẻ tín dụng hoàn tiền,Miền Bắc,CN Hải Phòng,So sánh sản phẩm,Đã tư vấn,nurture,Sự kiện toà nhà văn phòng,QR-007
QR-01338,0962-722-100,Khách hàng 1338,2026-02-25T20:23:00Z,CMP-2026-Q1,,Thẻ tín dụng hoàn tiền,Miền Bắc,CN Hải Phòng,Tư vấn sản phẩm,Mới,hot,Roadshow chi nhánh,QR-028
QR-01172,0962-959-056,Khách hàng 1172,2026-02-27T20:08:00Z,CMP-2026-Q1,,Vay mua nhà,Miền Trung,CN Huế,Hỗ trợ hồ sơ,Không liên hệ được,warm,Sự kiện toà nhà văn phòng,QR-009
QR-01185,0990-835-500,Khách hàng 1185,2026-03-02T13:35:00Z,CMP-2026-Q1,,Thẻ tín dụng hoàn tiền,Miền Nam,CN Cần Thơ,Mở mới,Chuyển hồ sơ,nurture,Hội chợ tài chính,QR-018
QR-01215,0946-324-712,Khách hàng 1215,2026-03-03T10:17:00Z,CMP-2026-Q1,,Thẻ tín dụng hoàn tiền,Miền Bắc,CN Hải Phòng,Mở mới,Đang liên hệ,low_priority,Roadshow chi nhánh,QR-009
QR-01848,0935-778-212,Khách hàng 1848,2026-03-04T10:31:00Z,CMP-2026-Q1,,Thẻ tín dụng hoàn tiền,Miền Bắc,CN Hà Nội - Ba Đình,Hỗ trợ hồ sơ,Mới,warm,Sự kiện toà nhà văn phòng,QR-034
QR-00180,0975-454-758,Khách hàng 0180,2026-03-04T13:35:00Z,CMP-2026-Q1,P-Q1-08,Thẻ tín dụng hoàn tiền,Miền Nam,CN Bình Dương,So sánh sản phẩm,Đã tư vấn,warm,Sự kiện toà nhà văn phòng,QR-040
QR-01909,0988-000-376,Khách hàng 1909,2026-03-05T13:53:00Z,CMP-2026-Q1,,Thẻ tín dụng hoàn tiền,Miền Bắc,CN Hải Phòng,Mở mới,Mới,nurture,Ngày hội khách hàng,QR-016
QR-01302,0912-112-700,Khách hàng 1302,2026-03-07T17:43:00Z,CMP-2026-Q1,,Thẻ tín dụng hoàn tiền,Miền Trung,CN Nha Trang,Mở mới,Mới,warm,Roadshow chi nhánh,QR-003
QR-01472,0933-688-999,Khách hàng 1472,2026-03-08T11:30:00Z,CMP-2026-Q1,,Thẻ tín dụng hoàn tiền,Miền Bắc,CN Bắc Ninh,Mở mới,Chuyển hồ sơ,low_priority,Sự kiện toà nhà văn phòng,QR-011
QR-01104,0939-169-940,Khách hàng 1104,2026-03-08T20:16:00Z,CMP-2026-Q1,,Thẻ tín dụng hoàn tiền,Miền Nam,CN TP.HCM - Thủ Đức,Hỏi ưu đãi,Chuyển hồ sơ,low_priority,Roadshow chi nhánh,QR-037
QR-00207,0975-571-872,Khách hàng 0207,2026-03-10T19:39:00Z,CMP-2026-Q1,P-Q1-09,Thẻ tín dụng hoàn tiền,Miền Bắc,CN Bắc Ninh,Tư vấn sản phẩm,Không liên hệ được,hot,Roadshow chi nhánh,QR-005
QR-01282,0971-423-667,Khách hàng 1282,2026-03-11T16:34:00Z,CMP-2026-Q1,,Thẻ tín dụng hoàn tiền,Miền Nam,CN Bình Dương,Mở mới,Đang liên hệ,nurture,Ngày hội khách hàng,QR-022
QR-01339,0914-915-257,Khách hàng 1339,2026-03-19T08:27:00Z,CMP-2026-Q1,,Thẻ tín dụng hoàn tiền,Miền Nam,CN Cần Thơ,So sánh sản phẩm,Thành công,hot,Roadshow chi nhánh,QR-038
QR-01746,0947-470-982,Khách hàng 1746,2026-03-20T20:31:00Z,CMP-2026-Q1,,Thẻ tín dụng hoàn tiền,Miền Nam,CN TP.HCM - Quận 1,So sánh sản phẩm,Không liên hệ được,warm,Roadshow chi nhánh,QR-028
QR-05574,0925-380-512,Khách hàng 1786,2026-03-21T23:53:00Z,CMP-2026-Q1,,Thẻ tín dụng hoàn tiền,Miền Nam,CN TP.HCM - Thủ Đức,Tư vấn sản phẩm,Chuyển hồ sơ,warm,Hội chợ tài chính,QR-003
QR-00235,0911-981-703,Khách hàng 0235,2026-03-22T16:45:00Z,CMP-2026-Q1,P-Q1-11,Thẻ tín dụng hoàn tiền,Miền Nam,CN Cần Thơ,Tư vấn sản phẩm,Đang liên hệ,hot,Hội chợ tài chính,QR-008
QR-00239,0939-364-338,Khách hàng 0239,2026-03-24T07:48:00Z,CMP-2026-Q1,P-Q1-12,Thẻ tín dụng hoàn tiền,Miền Bắc,CN Hải Phòng,Hỗ trợ hồ sơ,Đang liên hệ,hot,Roadshow chi nhánh,QR-002
QR-00252,0996-223-880,Khách hàng 0252,2026-03-24T10:34:00Z,CMP-2026-Q1,P-Q1-12,Vay mua nhà,Miền Trung,CN Huế,Tư vấn sản phẩm,Mới,warm,Hội chợ tài chính,QR-033
QR-01806,0958-316-426,Khách hàng 1806,2026-03-24T14:46:00Z,CMP-2026-Q1,,Thẻ tín dụng hoàn tiền,Miền Bắc,CN Hải Phòng,Tư vấn sản phẩm,Không liên hệ được,nurture,Roadshow chi nhánh,QR-027
QR-05496,0984-748-657,Khách hàng 1695,2026-03-25T10:36:00Z,CMP-2026-Q1,,Thẻ tín dụng hoàn tiền,Miền Nam,CN TP.HCM - Quận 1,Tư vấn sản phẩm,Chuyển hồ sơ,nurture,Sự kiện toà nhà văn phòng,QR-005
QR-01754,0992-956-820,Khách hàng 1754,2026-03-25T20:57:00Z,CMP-2026-Q1,,Thẻ tín dụng hoàn tiền,Miền Trung,CN Nha Trang,So sánh sản phẩm,Đang liên hệ,hot,Hội chợ tài chính,QR-019
QR-01201,0918-687-683,Khách hàng 1201,2026-03-26T09:57:00Z,CMP-2026-Q1,,Thẻ tín dụng hoàn tiền,Miền Nam,CN TP.HCM - Thủ Đức,Hỏi ưu đãi,Chuyển hồ sơ,warm,Hội chợ tài chính,QR-023
QR-00257,0950-131-410,Khách hàng 0257,2026-03-26T11:34:00Z,CMP-2026-Q1,P-Q1-13,Thẻ tín dụng hoàn tiền,Miền Nam,CN TP.HCM - Thủ Đức,Tư vấn sản phẩm,Chuyển hồ sơ,nurture,Hội chợ tài chính,QR-012
QR-05485,0991-283-947,Khách hàng 1705,2026-03-29T13:23:00Z,CMP-2026-Q1,,Tài khoản lương,Miền Nam,CN TP.HCM - Quận 1,Hỏi ưu đãi,Chuyển hồ sơ,nurture,Ngày hội khách hàng,QR-027
QR-00261,0996-918-691,Khách hàng 0261,2026-04-01T12:44:00Z,CMP-2026-Q1,P-Q1-13,Thẻ tín dụng hoàn tiền,Miền Nam,CN Bình Dương,Mở mới,Đang liên hệ,low_priority,Roadshow chi nhánh,QR-023
QR-00273,0900-156-522,Khách hàng 0273,2026-04-01T22:21:00Z,CMP-2026-Q1,P-Q1-14,Thẻ tín dụng hoàn tiền,Miền Bắc,CN Hà Nội - Ba Đình,Mở mới,Đang liên hệ,hot,Sự kiện toà nhà văn phòng,QR-035
QR-02390,0907-316-181,Khách hàng 2390,2026-04-08T09:10:00Z,CMP-2026-Q2,,Vay mua nhà,Miền Trung,CN Đà Nẵng,Hỗ trợ hồ sơ,Chuyển hồ sơ,nurture,Ngày hội khách hàng,QR-005
QR-00326,0935-882-259,Khách hàng 0326,2026-04-13T21:15:00Z,CMP-2026-Q2,P-Q2-02,Thẻ tín dụng hoàn tiền,Miền Nam,CN Bình Dương,Mở mới,Đang liên hệ,warm,Hội chợ tài chính,QR-034
QR-00312,0975-758-068,Khách hàng 0312,2026-04-14T14:42:00Z,CMP-2026-Q2,P-Q2-01,Vay mua nhà,Miền Nam,CN TP.HCM - Thủ Đức,Mở mới,Đang liên hệ,low_priority,Hội chợ tài chính,QR-005
QR-02417,0922-078-970,Khách hàng 2417,2026-04-14T16:44:00Z,CMP-2026-Q2,,Vay mua nhà,Miền Trung,CN Đà Nẵng,Mở mới,Chuyển hồ sơ,warm,Sự kiện toà nhà văn phòng,QR-010
QR-02183,0910-674-535,Khách hàng 2183,2026-04-14T17:25:00Z,CMP-2026-Q2,,Vay mua nhà,Miền Bắc,CN Bắc Ninh,Mở mới,Thành công,hot,Roadshow chi nhánh,QR-002
QR-00347,0994-371-341,Khách hàng 0347,2026-04-16T10:33:00Z,CMP-2026-Q2,P-Q2-02,Vay mua nhà,Miền Nam,CN Cần Thơ,Hỗ trợ hồ sơ,Mới,warm,Hội chợ tài chính,QR-024
QR-00310,0902-748-437,Khách hàng 0310,2026-04-19T08:07:00Z,CMP-2026-Q2,P-Q2-01,Vay mua nhà,Miền Bắc,CN Hà Nội - Ba Đình,Hỏi ưu đãi,Chuyển hồ sơ,warm,Roadshow chi nhánh,QR-039
QR-00308,0921-666-125,Khách hàng 0308,2026-04-19T14:53:00Z,CMP-2026-Q2,P-Q2-01,Vay mua nhà,Miền Bắc,CN Hải Phòng,Mở mới,Đã tư vấn,nurture,Sự kiện toà nhà văn phòng,QR-033
QR-00366,0993-855-701,Khách hàng 0366,2026-04-20T08:23:00Z,CMP-2026-Q2,P-Q2-02,Vay mua nhà,Miền Nam,CN TP.HCM - Thủ Đức,Mở mới,Đang liên hệ,low_priority,Roadshow chi nhánh,QR-032
QR-00370,0922-855-579,Khách hàng 0370,2026-04-20T16:24:00Z,CMP-2026-Q2,P-Q2-02,Vay mua nhà,Miền Nam,CN Bình Dương,Tư vấn sản phẩm,Mới,warm,Hội chợ tài chính,QR-038
QR-02283,0940-973-583,Khách hàng 2283,2026-04-20T18:36:00Z,CMP-2026-Q2,,Vay mua nhà,Miền Nam,CN TP.HCM - Quận 1,Hỏi ưu đãi,Mới,nurture,Ngày hội khách hàng,QR-015
QR-02363,0917-001-693,Khách hàng 2363,2026-04-22T14:49:00Z,CMP-2026-Q2,,Vay mua nhà,Miền Bắc,CN Bắc Ninh,Mở mới,Đang liên hệ,nurture,Ngày hội khách hàng,QR-035
QR-02133,0909-259-709,Khách hàng 2133,2026-04-23T09:54:00Z,CMP-2026-Q2,,Vay mua nhà,Miền Trung,CN Nha Trang,Mở mới,Không liên hệ được,nurture,Ngày hội khách hàng,QR-013
QR-02475,0919-713-375,Khách hàng 2475,2026-04-24T16:01:00Z,CMP-2026-Q2,,Thẻ tín dụng hoàn tiền,Miền Nam,CN Cần Thơ,Tư vấn sản phẩm,Đang liên hệ,nurture,Roadshow chi nhánh,QR-032
QR-02020,0954-160-745,Khách hàng 2020,2026-04-24T19:38:00Z,CMP-2026-Q2,,Vay mua nhà,Miền Bắc,CN Hà Nội - Cầu Giấy,Mở mới,Đang liên hệ,warm,Ngày hội khách hàng,QR-021
QR-00322,0910-254-967,Khách hàng 0322,2026-04-24T22:07:00Z,CMP-2026-Q2,P-Q2-02,Vay mua nhà,Miền Bắc,CN Hải Phòng,So sánh sản phẩm,Chuyển hồ sơ,hot,Sự kiện toà nhà văn phòng,QR-037
QR-00373,0982-964-296,Khách hàng 0373,2026-04-24T22:39:00Z,CMP-2026-Q2,P-Q2-02,Vay mua nhà,Miền Bắc,CN Hà Nội - Cầu Giấy,Mở mới,Đã tư vấn,warm,Roadshow chi nhánh,QR-009
QR-00396,0977-846-630,Khách hàng 0396,2026-04-29T17:25:00Z,CMP-2026-Q2,P-Q2-04,Vay mua nhà,Miền Nam,CN Bình Dương,So sánh sản phẩm,Mới,hot,Hội chợ tài chính,QR-040
QR-00372,0945-905-374,Khách hàng 0372,2026-05-02T11:04:00Z,CMP-2026-Q2,P-Q2-02,Vay mua nhà,Miền Nam,CN Bình Dương,Tư vấn sản phẩm,Mới,nurture,Sự kiện toà nhà văn phòng,QR-002
QR-02190,0915-382-947,Khách hàng 2190,2026-05-03T10:44:00Z,CMP-2026-Q2,,Vay mua nhà,Miền Trung,CN Huế,Hỏi ưu đãi,Mới,nurture,Sự kiện toà nhà văn phòng,QR-027
QR-02173,0900-486-429,Khách hàng 2173,2026-05-10T12:05:00Z,CMP-2026-Q2,,Vay mua nhà,Miền Bắc,CN Hà Nội - Ba Đình,Hỗ trợ hồ sơ,Đang liên hệ,warm,Sự kiện toà nhà văn phòng,QR-006
QR-00407,0920-160-273,Khách hàng 0407,2026-05-12T18:03:00Z,CMP-2026-Q2,P-Q2-06,Vay mua nhà,Miền Nam,CN TP.HCM - Thủ Đức,Mở mới,Chuyển hồ sơ,nurture,Roadshow chi nhánh,QR-031
QR-02225,0966-562-670,Khách hàng 2225,2026-05-15T10:57:00Z,CMP-2026-Q2,,Vay mua nhà,Miền Nam,CN Bình Dương,Hỏi ưu đãi,Mới,warm,Ngày hội khách hàng,QR-038
QR-02462,0972-671-805,Khách hàng 2462,2026-05-15T11:34:00Z,CMP-2026-Q2,,Vay mua nhà,Miền Trung,CN Huế,Mở mới,Mới,warm,Hội chợ tài chính,QR-040
QR-00439,0947-405-135,Khách hàng 0439,2026-05-16T19:58:00Z,CMP-2026-Q2,P-Q2-08,Vay mua nhà,Miền Bắc,CN Hải Phòng,Tư vấn sản phẩm,Thành công,hot,Roadshow chi nhánh,QR-003
QR-02150,0986-689-336,Khách hàng 2150,2026-05-19T11:07:00Z,CMP-2026-Q2,,Vay mua nhà,Miền Trung,CN Huế,Hỏi ưu đãi,Không liên hệ được,hot,Ngày hội khách hàng,QR-038
QR-02089,0937-228-972,Khách hàng 2089,2026-05-20T16:11:00Z,CMP-2026-Q2,,Vay mua nhà,Miền Nam,CN Bình Dương,Mở mới,Đã tư vấn,hot,Hội chợ tài chính,QR-028
QR-02087,0996-688-751,Khách hàng 2087,2026-05-23T19:45:00Z,CMP-2026-Q2,,Vay mua nhà,Miền Nam,CN TP.HCM - Thủ Đức,Hỗ trợ hồ sơ,Mới,warm,Hội chợ tài chính,QR-025
QR-02465,0995-342-713,Khách hàng 2465,2026-05-24T10:13:00Z,CMP-2026-Q2,,Vay mua nhà,Miền Bắc,CN Bắc Ninh,Mở mới,Đang liên hệ,nurture,Hội chợ tài chính,QR-020
QR-00480,0923-104-914,Khách hàng 0480,2026-05-24T14:14:00Z,CMP-2026-Q2,P-Q2-09,Vay mua nhà,Miền Nam,CN Cần Thơ,Mở mới,Thành công,hot,Ngày hội khách hàng,QR-037
QR-00421,0936-448-398,Khách hàng 0421,2026-05-24T19:19:00Z,CMP-2026-Q2,P-Q2-07,Vay mua nhà,Miền Trung,CN Đà Nẵng,Mở mới,Thành công,low_priority,Sự kiện toà nhà văn phòng,QR-038
QR-02350,0963-805-254,Khách hàng 2350,2026-05-25T09:34:00Z,CMP-2026-Q2,,Vay mua nhà,Miền Bắc,CN Hà Nội - Cầu Giấy,Hỗ trợ hồ sơ,Đang liên hệ,warm,Ngày hội khách hàng,QR-003
QR-00452,0916-212-433,Khách hàng 0452,2026-05-27T15:12:00Z,CMP-2026-Q2,P-Q2-09,Vay mua nhà,Miền Nam,CN TP.HCM - Quận 1,Mở mới,Đang liên hệ,warm,Roadshow chi nhánh,QR-001
QR-05537,0957-691-303,Khách hàng 0417,2026-05-28T18:54:00Z,CMP-2026-Q2,P-Q2-07,Vay mua nhà,Miền Bắc,CN Hà Nội - Ba Đình,Mở mới,Không liên hệ được,low_priority,Ngày hội khách hàng,QR-030
QR-02180,0941-244-036,Khách hàng 2180,2026-05-29T17:18:00Z,CMP-2026-Q2,,Vay mua nhà,Miền Nam,CN Bình Dương,So sánh sản phẩm,Đang liên hệ,hot,Roadshow chi nhánh,QR-039
QR-02070,0938-646-363,Khách hàng 2070,2026-06-02T13:48:00Z,CMP-2026-Q2,,Vay mua nhà,Miền Trung,CN Đà Nẵng,Tư vấn sản phẩm,Thành công,nurture,Hội chợ tài chính,QR-026
QR-02022,0998-292-173,Khách hàng 2022,2026-06-03T20:25:00Z,CMP-2026-Q2,,Vay mua nhà,Miền Nam,CN TP.HCM - Thủ Đức,Hỏi ưu đãi,Đã tư vấn,low_priority,Roadshow chi nhánh,QR-019
QR-02043,0904-458-523,Khách hàng 2043,2026-06-06T13:08:00Z,CMP-2026-Q2,,Vay mua nhà,Miền Bắc,CN Hải Phòng,Hỏi ưu đãi,Đang liên hệ,warm,Roadshow chi nhánh,QR-011
QR-02157,0917-566-268,Khách hàng 2157,2026-06-08T12:23:00Z,CMP-2026-Q2,,Vay mua nhà,Miền Bắc,CN Hà Nội - Cầu Giấy,Hỗ trợ hồ sơ,Đã tư vấn,low_priority,Sự kiện toà nhà văn phòng,QR-016
QR-05643,0991-982-087,Khách hàng 2035,2026-06-09T04:47:00Z,CMP-2026-Q2,,Vay mua nhà,Miền Nam,CN TP.HCM - Quận 1,So sánh sản phẩm,Đang liên hệ,nurture,Roadshow chi nhánh,QR-003
QR-02305,0940-870-326,Khách hàng 2305,2026-06-09T19:23:00Z,CMP-2026-Q2,,Vay mua nhà,Miền Bắc,CN Hải Phòng,Hỗ trợ hồ sơ,Đang liên hệ,low_priority,Ngày hội khách hàng,QR-003
QR-05665,0926-399-841,Khách hàng 2184,2026-06-10T22:24:00Z,CMP-2026-Q2,,Vay mua nhà,Miền Nam,CN Cần Thơ,Tư vấn sản phẩm,Đang liên hệ,warm,Roadshow chi nhánh,QR-025
QR-00505,0985-041-510,Khách hàng 0505,2026-06-12T09:55:00Z,CMP-2026-Q2,P-Q2-12,Vay mua nhà,Miền Nam,CN Bình Dương,Hỏi ưu đãi,Thành công,low_priority,Ngày hội khách hàng,QR-011
QR-02141,0914-638-359,Khách hàng 2141,2026-06-12T10:40:00Z,CMP-2026-Q2,,Vay mua nhà,Miền Trung,CN Đà Nẵng,Mở mới,Mới,nurture,Sự kiện toà nhà văn phòng,QR-002
QR-02317,0988-473-954,Khách hàng 2317,2026-06-12T17:54:00Z,CMP-2026-Q2,,Vay mua nhà,Miền Bắc,CN Hà Nội - Ba Đình,Mở mới,Đã tư vấn,nurture,Sự kiện toà nhà văn phòng,QR-030
QR-02393,0959-900-670,Khách hàng 2393,2026-06-14T16:02:00Z,CMP-2026-Q2,,Vay mua nhà,Miền Nam,CN TP.HCM - Thủ Đức,Tư vấn sản phẩm,Đang liên hệ,nurture,Ngày hội khách hàng,QR-029
QR-02374,0964-543-469,Khách hàng 2374,2026-06-14T16:04:00Z,CMP-2026-Q2,,Vay mua nhà,Miền Nam,CN Bình Dương,Tư vấn sản phẩm,Chuyển hồ sơ,warm,Roadshow chi nhánh,QR-028
QR-02101,0986-089-859,Khách hàng 2101,2026-06-16T12:25:00Z,CMP-2026-Q2,,Vay mua nhà,Miền Nam,CN Bình Dương,Hỗ trợ hồ sơ,Đã tư vấn,nurture,Sự kiện toà nhà văn phòng,QR-020
QR-02258,0900-108-598,Khách hàng 2258,2026-06-18T08:01:00Z,CMP-2026-Q2,,Vay mua nhà,Miền Nam,CN Bình Dương,Hỏi ưu đãi,Đang liên hệ,nurture,Sự kiện toà nhà văn phòng,QR-018
QR-02026,0985-265-672,Khách hàng 2026,2026-06-24T09:08:00Z,CMP-2026-Q2,,Vay mua nhà,Miền Bắc,CN Bắc Ninh,Tư vấn sản phẩm,Mới,hot,Ngày hội khách hàng,QR-039
QR-00510,0971-278-154,Khách hàng 0510,2026-06-25T07:44:00Z,CMP-2026-Q2,P-Q2-12,Vay mua nhà,Miền Bắc,CN Bắc Ninh,Tư vấn sản phẩm,Đang liên hệ,low_priority,Roadshow chi nhánh,QR-022
QR-00556,0964-540-572,Khách hàng 0556,2026-06-25T09:02:00Z,CMP-2026-Q2,P-Q2-14,Vay mua nhà,Miền Trung,CN Nha Trang,So sánh sản phẩm,Chuyển hồ sơ,hot,Hội chợ tài chính,QR-026
QR-02081,0903-894-797,Khách hàng 2081,2026-06-25T14:18:00Z,CMP-2026-Q2,,Vay mua nhà,Miền Nam,CN Cần Thơ,Mở mới,Đang liên hệ,warm,Hội chợ tài chính,QR-014
QR-00536,0963-230-195,Khách hàng 0536,2026-06-25T17:03:00Z,CMP-2026-Q2,P-Q2-14,Thẻ tín dụng hoàn tiền,Miền Bắc,CN Hà Nội - Ba Đình,Mở mới,Đang liên hệ,warm,Ngày hội khách hàng,QR-024
QR-00514,0917-227-302,Khách hàng 0514,2026-06-26T09:21:00Z,CMP-2026-Q2,P-Q2-12,Vay mua nhà,Miền Nam,CN TP.HCM - Quận 1,Mở mới,Không liên hệ được,nurture,Ngày hội khách hàng,QR-032
QR-05472,0988-755-167,Khách hàng 2351,2026-06-26T16:58:00Z,CMP-2026-Q2,,Vay mua nhà,Miền Nam,CN Cần Thơ,Tư vấn sản phẩm,Đã tư vấn,hot,Hội chợ tài chính,QR-020
QR-00551,0997-387-519,Khách hàng 0551,2026-06-29T07:48:00Z,CMP-2026-Q2,P-Q2-14,Vay mua nhà,Miền Nam,CN Bình Dương,Hỏi ưu đãi,Thành công,nurture,Roadshow chi nhánh,QR-011
QR-00554,0994-356-630,Khách hàng 0554,2026-07-05T07:14:00Z,CMP-2026-Q2,P-Q2-14,Thẻ tín dụng hoàn tiền,Miền Nam,CN Bình Dương,Hỗ trợ hồ sơ,Đang liên hệ,warm,Ngày hội khách hàng,QR-003
QR-03349,0924-892-677,Khách hàng 3349,2026-07-06T09:58:00Z,CMP-2026-Q3,,App số & Tiết kiệm online,Miền Bắc,CN Hải Phòng,Mở mới,Đang liên hệ,low_priority,Roadshow chi nhánh,QR-014
QR-00545,0913-502-340,Khách hàng 0545,2026-07-06T15:01:00Z,CMP-2026-Q2,P-Q2-14,Vay mua nhà,Miền Nam,CN TP.HCM - Quận 1,Hỗ trợ hồ sơ,Đang liên hệ,hot,Sự kiện toà nhà văn phòng,QR-025
QR-03635,0972-369-964,Khách hàng 3635,2026-07-08T10:06:00Z,CMP-2026-Q3,,App số & Tiết kiệm online,Miền Bắc,CN Hà Nội - Ba Đình,Hỏi ưu đãi,Chuyển hồ sơ,low_priority,Ngày hội khách hàng,QR-012
QR-02555,0949-431-613,Khách hàng 2555,2026-07-09T17:55:00Z,CMP-2026-Q3,,App số & Tiết kiệm online,Miền Trung,CN Nha Trang,Tư vấn sản phẩm,Mới,low_priority,Sự kiện toà nhà văn phòng,QR-010
QR-03728,0910-435-025,Khách hàng 3728,2026-07-10T13:42:00Z,CMP-2026-Q3,,App số & Tiết kiệm online,Miền Nam,CN TP.HCM - Quận 1,So sánh sản phẩm,Thành công,warm,Roadshow chi nhánh,QR-028
QR-03014,0921-085-901,Khách hàng 3014,2026-07-10T20:33:00Z,CMP-2026-Q3,,Tài khoản lương,Miền Trung,CN Nha Trang,Hỗ trợ hồ sơ,Đang liên hệ,nurture,Ngày hội khách hàng,QR-020
QR-03837,0910-236-944,Khách hàng 3837,2026-07-11T18:37:00Z,CMP-2026-Q3,,App số & Tiết kiệm online,Miền Trung,CN Đà Nẵng,So sánh sản phẩm,Đã tư vấn,nurture,Sự kiện toà nhà văn phòng,QR-005
QR-02588,0960-874-998,Khách hàng 2588,2026-07-12T10:43:00Z,CMP-2026-Q3,,App số & Tiết kiệm online,Miền Bắc,CN Bắc Ninh,Tư vấn sản phẩm,Chuyển hồ sơ,hot,Sự kiện toà nhà văn phòng,QR-024
QR-03444,0962-516-441,Khách hàng 3444,2026-07-13T09:15:00Z,CMP-2026-Q3,,App số & Tiết kiệm online,Miền Nam,CN TP.HCM - Thủ Đức,Hỗ trợ hồ sơ,Đã tư vấn,low_priority,Roadshow chi nhánh,QR-031
QR-03119,0999-365-111,Khách hàng 3119,2026-07-14T11:34:00Z,CMP-2026-Q3,,App số & Tiết kiệm online,Miền Nam,CN TP.HCM - Quận 1,Hỗ trợ hồ sơ,Đã tư vấn,low_priority,Sự kiện toà nhà văn phòng,QR-024
QR-03761,0931-433-719,Khách hàng 3761,2026-07-14T11:37:00Z,CMP-2026-Q3,,App số & Tiết kiệm online,Miền Bắc,CN Hà Nội - Ba Đình,Hỗ trợ hồ sơ,Không liên hệ được,low_priority,Sự kiện toà nhà văn phòng,QR-034
QR-02551,0937-372-151,Khách hàng 2551,2026-07-17T11:52:00Z,CMP-2026-Q3,,App số & Tiết kiệm online,Miền Nam,CN TP.HCM - Thủ Đức,So sánh sản phẩm,Đã tư vấn,hot,Ngày hội khách hàng,QR-028
QR-02694,0972-501-367,Khách hàng 2694,2026-07-18T14:19:00Z,CMP-2026-Q3,,App số & Tiết kiệm online,Miền Bắc,CN Hà Nội - Cầu Giấy,Mở mới,Đang liên hệ,hot,Roadshow chi nhánh,QR-010
QR-03535,0951-217-153,Khách hàng 3535,2026-07-19T08:44:00Z,CMP-2026-Q3,,App số & Tiết kiệm online,Miền Nam,CN TP.HCM - Quận 1,Mở mới,Mới,hot,Roadshow chi nhánh,QR-015
QR-03436,0910-473-523,Khách hàng 3436,2026-07-20T14:42:00Z,CMP-2026-Q3,,App số & Tiết kiệm online,Miền Nam,CN TP.HCM - Thủ Đức,Tư vấn sản phẩm,Mới,nurture,Sự kiện toà nhà văn phòng,QR-021
QR-02979,0957-693-172,Khách hàng 2979,2026-07-24T08:00:00Z,CMP-2026-Q3,,App số & Tiết kiệm online,Miền Nam,CN Bình Dương,Mở mới,Mới,hot,Ngày hội khách hàng,QR-039
QR-03563,0907-436-763,Khách hàng 3563,2026-07-25T19:34:00Z,CMP-2026-Q3,,Thẻ tín dụng hoàn tiền,Miền Bắc,CN Hà Nội - Ba Đình,Mở mới,Đã tư vấn,nurture,Hội chợ tài chính,QR-016
QR-00571,0971-564-372,Khách hàng 0571,2026-07-26T18:23:00Z,CMP-2026-Q3,P-Q3-02,App số & Tiết kiệm online,Miền Trung,CN Huế,Tư vấn sản phẩm,Đã tư vấn,hot,Ngày hội khách hàng,QR-037
QR-03454,0946-670-680,Khách hàng 3454,2026-07-27T20:12:00Z,CMP-2026-Q3,,App số & Tiết kiệm online,Miền Nam,CN TP.HCM - Quận 1,Mở mới,Mới,warm,Sự kiện toà nhà văn phòng,QR-001
QR-03640,0943-672-181,Khách hàng 3640,2026-07-28T11:51:00Z,CMP-2026-Q3,,App số & Tiết kiệm online,Miền Nam,CN Cần Thơ,Mở mới,Không liên hệ được,nurture,Hội chợ tài chính,QR-036
QR-02598,0997-482-136,Khách hàng 2598,2026-07-29T09:38:00Z,CMP-2026-Q3,,App số & Tiết kiệm online,Miền Bắc,CN Hải Phòng,Mở mới,Chuyển hồ sơ,hot,Sự kiện toà nhà văn phòng,QR-038
QR-02647,0915-544-289,Khách hàng 2647,2026-07-30T16:54:00Z,CMP-2026-Q3,,App số & Tiết kiệm online,Miền Nam,CN Bình Dương,Mở mới,Đang liên hệ,hot,Ngày hội khách hàng,QR-012
QR-03800,0943-028-728,Khách hàng 3800,2026-08-01T08:24:00Z,CMP-2026-Q3,,App số & Tiết kiệm online,Miền Nam,CN Cần Thơ,Mở mới,Đã tư vấn,warm,Roadshow chi nhánh,QR-012
QR-00601,0989-449-147,Khách hàng 0601,2026-08-01T12:52:00Z,CMP-2026-Q3,P-Q3-05,App số & Tiết kiệm online,Miền Trung,CN Đà Nẵng,So sánh sản phẩm,Đã tư vấn,nurture,Roadshow chi nhánh,QR-006
QR-05568,0920-804-779,Khách hàng 3552,2026-08-02T05:31:00Z,CMP-2026-Q3,,App số & Tiết kiệm online,Miền Bắc,CN Hải Phòng,Hỗ trợ hồ sơ,Thành công,nurture,Hội chợ tài chính,QR-011
QR-00581,0911-928-877,Khách hàng 0581,2026-08-02T17:03:00Z,CMP-2026-Q3,P-Q3-03,App số & Tiết kiệm online,Miền Trung,CN Nha Trang,Mở mới,Đang liên hệ,hot,Sự kiện toà nhà văn phòng,QR-019
QR-03980,0975-738-568,Khách hàng 3980,2026-08-03T16:42:00Z,CMP-2026-Q3,,App số & Tiết kiệm online,Miền Nam,CN TP.HCM - Quận 1,Tư vấn sản phẩm,Thành công,warm,Hội chợ tài chính,QR-032
QR-03579,0924-319-607,Khách hàng 3579,2026-08-04T15:34:00Z,CMP-2026-Q3,,App số & Tiết kiệm online,Miền Bắc,CN Bắc Ninh,Mở mới,Mới,hot,Roadshow chi nhánh,QR-021
QR-03725,0954-252-725,Khách hàng 3725,2026-08-05T18:41:00Z,CMP-2026-Q3,,App số & Tiết kiệm online,Miền Nam,CN Bình Dương,So sánh sản phẩm,Đang liên hệ,warm,Hội chợ tài chính,QR-015
QR-02773,0951-973-154,Khách hàng 2773,2026-08-07T14:26:00Z,CMP-2026-Q3,,Vay mua nhà,Miền Nam,CN Cần Thơ,Mở mới,Đã tư vấn,low_priority,Hội chợ tài chính,QR-032
QR-03325,0949-878-344,Khách hàng 3325,2026-08-08T12:32:00Z,CMP-2026-Q3,,App số & Tiết kiệm online,Miền Nam,CN Bình Dương,So sánh sản phẩm,Chuyển hồ sơ,nurture,Sự kiện toà nhà văn phòng,QR-032
QR-05511,0998-715-804,Khách hàng 3357,2026-08-09T03:05:00Z,CMP-2026-Q3,,App số & Tiết kiệm online,Miền Bắc,CN Hà Nội - Cầu Giấy,Mở mới,Mới,hot,Ngày hội khách hàng,QR-005
QR-03970,0989-424-943,Khách hàng 3970,2026-08-10T09:36:00Z,CMP-2026-Q3,,App số & Tiết kiệm online,Miền Nam,CN TP.HCM - Thủ Đức,Hỗ trợ hồ sơ,Thành công,warm,Roadshow chi nhánh,QR-007
QR-03637,0988-433-595,Khách hàng 3637,2026-08-10T15:55:00Z,CMP-2026-Q3,,App số & Tiết kiệm online,Miền Nam,CN TP.HCM - Quận 1,Hỏi ưu đãi,Đã tư vấn,warm,Sự kiện toà nhà văn phòng,QR-030
QR-02738,0990-003-713,Khách hàng 2738,2026-08-11T19:56:00Z,CMP-2026-Q3,,Tài khoản lương,Miền Bắc,CN Hải Phòng,Hỏi ưu đãi,Đang liên hệ,nurture,Ngày hội khách hàng,QR-032
QR-02680,0950-707-431,Khách hàng 2680,2026-08-12T10:31:00Z,CMP-2026-Q3,,App số & Tiết kiệm online,Miền Bắc,CN Bắc Ninh,So sánh sản phẩm,Mới,warm,Sự kiện toà nhà văn phòng,QR-013
QR-02557,0903-242-269,Khách hàng 2557,2026-08-12T12:16:00Z,CMP-2026-Q3,,Tài khoản lương,Miền Bắc,CN Hà Nội - Ba Đình,Tư vấn sản phẩm,Mới,hot,Hội chợ tài chính,QR-023
QR-03263,0993-585-241,Khách hàng 3263,2026-08-13T16:20:00Z,CMP-2026-Q3,,App số & Tiết kiệm online,Miền Nam,CN TP.HCM - Thủ Đức,Mở mới,Đang liên hệ,nurture,Roadshow chi nhánh,QR-010
QR-00600,0927-474-061,Khách hàng 0600,2026-08-14T09:18:00Z,CMP-2026-Q3,P-Q3-05,App số & Tiết kiệm online,Miền Nam,CN TP.HCM - Thủ Đức,Tư vấn sản phẩm,Thành công,nurture,Ngày hội khách hàng,QR-038
QR-03315,0947-505-825,Khách hàng 3315,2026-08-14T10:05:00Z,CMP-2026-Q3,,App số & Tiết kiệm online,Miền Nam,CN Bình Dương,Mở mới,Đang liên hệ,low_priority,Hội chợ tài chính,QR-011
QR-03818,0979-063-081,Khách hàng 3818,2026-08-15T17:49:00Z,CMP-2026-Q3,,App số & Tiết kiệm online,Miền Bắc,CN Hà Nội - Ba Đình,Tư vấn sản phẩm,Mới,warm,Ngày hội khách hàng,QR-009
QR-03601,0950-148-799,Khách hàng 3601,2026-08-19T09:01:00Z,CMP-2026-Q3,,App số & Tiết kiệm online,Miền Nam,CN TP.HCM - Quận 1,Mở mới,Đang liên hệ,hot,Roadshow chi nhánh,QR-027
QR-00611,0957-102-427,Khách hàng 0611,2026-08-19T11:09:00Z,CMP-2026-Q3,P-Q3-06,App số & Tiết kiệm online,Miền Trung,CN Đà Nẵng,Hỏi ưu đãi,Đã tư vấn,nurture,Ngày hội khách hàng,QR-038
QR-03350,0977-007-680,Khách hàng 3350,2026-08-20T09:09:00Z,CMP-2026-Q3,,App số & Tiết kiệm online,Miền Bắc,CN Hà Nội - Cầu Giấy,Mở mới,Đang liên hệ,low_priority,Roadshow chi nhánh,QR-021
QR-03905,0918-356-447,Khách hàng 3905,2026-08-20T13:13:00Z,CMP-2026-Q3,,App số & Tiết kiệm online,Miền Nam,CN Cần Thơ,Tư vấn sản phẩm,Đang liên hệ,nurture,Roadshow chi nhánh,QR-032
QR-03950,0980-303-839,Khách hàng 3950,2026-08-20T18:49:00Z,CMP-2026-Q3,,App số & Tiết kiệm online,Miền Nam,CN TP.HCM - Quận 1,Mở mới,Mới,hot,Hội chợ tài chính,QR-039
QR-03631,0995-495-323,Khách hàng 3631,2026-08-22T14:26:00Z,CMP-2026-Q3,,App số & Tiết kiệm online,Miền Bắc,CN Bắc Ninh,Tư vấn sản phẩm,Thành công,warm,Ngày hội khách hàng,QR-036
QR-03971,0967-263-937,Khách hàng 3971,2026-08-22T15:19:00Z,CMP-2026-Q3,,App số & Tiết kiệm online,Miền Nam,CN Bình Dương,So sánh sản phẩm,Mới,hot,Sự kiện toà nhà văn phòng,QR-012
QR-05610,0923-583-854,Khách hàng 3913,2026-08-22T17:42:00Z,CMP-2026-Q3,,App số & Tiết kiệm online,Miền Trung,CN Nha Trang,Tư vấn sản phẩm,Chuyển hồ sơ,warm,Hội chợ tài chính,QR-010
QR-03191,0992-441-877,Khách hàng 3191,2026-08-23T15:40:00Z,CMP-2026-Q3,,App số & Tiết kiệm online,Miền Nam,CN TP.HCM - Thủ Đức,Hỏi ưu đãi,Thành công,warm,Hội chợ tài chính,QR-036
QR-02800,0985-203-277,Khách hàng 2800,2026-08-26T17:39:00Z,CMP-2026-Q3,,App số & Tiết kiệm online,Miền Nam,CN TP.HCM - Thủ Đức,Tư vấn sản phẩm,Thành công,low_priority,Sự kiện toà nhà văn phòng,QR-004
QR-03270,0984-484-132,Khách hàng 3270,2026-08-27T20:55:00Z,CMP-2026-Q3,,App số & Tiết kiệm online,Miền Nam,CN TP.HCM - Quận 1,Hỏi ưu đãi,Đã tư vấn,low_priority,Hội chợ tài chính,QR-017
QR-02900,0921-329-706,Khách hàng 2900,2026-08-28T08:38:00Z,CMP-2026-Q3,,App số & Tiết kiệm online,Miền Nam,CN Cần Thơ,Mở mới,Chuyển hồ sơ,hot,Hội chợ tài chính,QR-016
QR-03895,0926-406-191,Khách hàng 3895,2026-08-28T09:50:00Z,CMP-2026-Q3,,Tài khoản lương,Miền Bắc,CN Hà Nội - Cầu Giấy,Mở mới,Mới,low_priority,Sự kiện toà nhà văn phòng,QR-014
QR-00700,0934-535-405,Khách hàng 0700,2026-08-28T22:03:00Z,CMP-2026-Q3,P-Q3-10,App số & Tiết kiệm online,Miền Nam,CN TP.HCM - Quận 1,Hỗ trợ hồ sơ,Chuyển hồ sơ,warm,Roadshow chi nhánh,QR-037
QR-02966,0991-218-200,Khách hàng 2966,2026-09-02T12:01:00Z,CMP-2026-Q3,,App số & Tiết kiệm online,Miền Nam,CN Cần Thơ,Tư vấn sản phẩm,Đang liên hệ,low_priority,Hội chợ tài chính,QR-008
QR-02746,0903-141-638,Khách hàng 2746,2026-09-02T20:04:00Z,CMP-2026-Q3,,App số & Tiết kiệm online,Miền Nam,CN TP.HCM - Thủ Đức,Tư vấn sản phẩm,Đã tư vấn,hot,Sự kiện toà nhà văn phòng,QR-015
QR-03130,0994-027-543,Khách hàng 3130,2026-09-03T17:17:00Z,CMP-2026-Q3,,App số & Tiết kiệm online,Miền Nam,CN TP.HCM - Quận 1,Mở mới,Đang liên hệ,low_priority,Sự kiện toà nhà văn phòng,QR-007
QR-00678,0957-034-594,Khách hàng 0678,2026-09-04T17:10:00Z,CMP-2026-Q3,P-Q3-09,App số & Tiết kiệm online,Miền Nam,CN TP.HCM - Thủ Đức,Tư vấn sản phẩm,Đang liên hệ,nurture,Sự kiện toà nhà văn phòng,QR-027
QR-02876,0957-219-786,Khách hàng 2876,2026-09-04T17:24:00Z,CMP-2026-Q3,,App số & Tiết kiệm online,Miền Trung,CN Huế,Hỗ trợ hồ sơ,Đã tư vấn,nurture,Sự kiện toà nhà văn phòng,QR-039
QR-00675,0913-243-218,Khách hàng 0675,2026-09-06T10:16:00Z,CMP-2026-Q3,P-Q3-09,App số & Tiết kiệm online,Miền Nam,CN Bình Dương,Mở mới,Đang liên hệ,hot,Ngày hội khách hàng,QR-016
QR-03215,0983-899-468,Khách hàng 3215,2026-09-06T11:51:00Z,CMP-2026-Q3,,App số & Tiết kiệm online,Miền Nam,CN TP.HCM - Thủ Đức,Mở mới,Mới,low_priority,Ngày hội khách hàng,QR-025
QR-03023,0968-202-628,Khách hàng 3023,2026-09-08T12:32:00Z,CMP-2026-Q3,,App số & Tiết kiệm online,Miền Bắc,CN Bắc Ninh,Mở mới,Đã tư vấn,low_priority,Roadshow chi nhánh,QR-013
QR-05562,0919-572-610,Khách hàng 2964,2026-09-10T01:39:00Z,CMP-2026-Q3,,App số & Tiết kiệm online,Miền Nam,CN TP.HCM - Quận 1,Tư vấn sản phẩm,Mới,hot,Roadshow chi nhánh,QR-036
QR-03365,0962-370-407,Khách hàng 3365,2026-09-10T14:05:00Z,CMP-2026-Q3,,App số & Tiết kiệm online,Miền Nam,CN TP.HCM - Quận 1,Mở mới,Đã tư vấn,nurture,Hội chợ tài chính,QR-036
QR-00720,0999-693-456,Khách hàng 0720,2026-09-11T07:09:00Z,CMP-2026-Q3,P-Q3-12,App số & Tiết kiệm online,Miền Bắc,CN Hà Nội - Cầu Giấy,Tư vấn sản phẩm,Thành công,low_priority,Ngày hội khách hàng,QR-025
QR-03008,0993-470-968,Khách hàng 3008,2026-09-12T19:37:00Z,CMP-2026-Q3,,App số & Tiết kiệm online,Miền Nam,CN Bình Dương,Tư vấn sản phẩm,Đã tư vấn,hot,Sự kiện toà nhà văn phòng,QR-018
QR-03883,0903-287-736,Khách hàng 3883,2026-09-14T15:41:00Z,CMP-2026-Q3,,App số & Tiết kiệm online,Miền Nam,CN TP.HCM - Thủ Đức,Hỗ trợ hồ sơ,Mới,warm,Sự kiện toà nhà văn phòng,QR-033
QR-00711,0955-238-358,Khách hàng 0711,2026-09-15T09:53:00Z,CMP-2026-Q3,P-Q3-11,App số & Tiết kiệm online,Miền Bắc,CN Hải Phòng,Mở mới,Chuyển hồ sơ,nurture,Roadshow chi nhánh,QR-033
QR-03206,0909-042-267,Khách hàng 3206,2026-09-16T15:46:00Z,CMP-2026-Q3,,App số & Tiết kiệm online,Miền Nam,CN Cần Thơ,Hỏi ưu đãi,Chuyển hồ sơ,hot,Ngày hội khách hàng,QR-023
QR-03620,0979-611-601,Khách hàng 3620,2026-09-17T12:47:00Z,CMP-2026-Q3,,App số & Tiết kiệm online,Miền Bắc,CN Hà Nội - Ba Đình,Tư vấn sản phẩm,Đã tư vấn,hot,Sự kiện toà nhà văn phòng,QR-014
QR-03602,0902-528-021,Khách hàng 3602,2026-09-17T16:37:00Z,CMP-2026-Q3,,Thẻ tín dụng hoàn tiền,Miền Nam,CN TP.HCM - Thủ Đức,Hỗ trợ hồ sơ,Đang liên hệ,warm,Ngày hội khách hàng,QR-012
QR-03410,0909-848-370,Khách hàng 3410,2026-09-18T14:03:00Z,CMP-2026-Q3,,App số & Tiết kiệm online,Miền Trung,CN Nha Trang,Tư vấn sản phẩm,Đã tư vấn,warm,Hội chợ tài chính,QR-030
QR-00763,0995-417-540,Khách hàng 0763,2026-09-20T18:55:00Z,CMP-2026-Q3,P-Q3-14,App số & Tiết kiệm online,Miền Trung,CN Đà Nẵng,Mở mới,Đang liên hệ,nurture,Ngày hội khách hàng,QR-030
QR-03915,0976-140-960,Khách hàng 3915,2026-09-20T20:08:00Z,CMP-2026-Q3,,App số & Tiết kiệm online,Miền Nam,CN TP.HCM - Thủ Đức,Mở mới,Mới,nurture,Ngày hội khách hàng,QR-015
QR-05570,0931-389-915,Khách hàng 2971,2026-09-22T15:10:00Z,CMP-2026-Q3,,Thẻ tín dụng hoàn tiền,Miền Bắc,CN Hà Nội - Ba Đình,Mở mới,Đã tư vấn,nurture,Hội chợ tài chính,QR-033
QR-02608,0980-623-119,Khách hàng 2608,2026-09-23T12:41:00Z,CMP-2026-Q3,,App số & Tiết kiệm online,Miền Nam,CN TP.HCM - Thủ Đức,Mở mới,Chuyển hồ sơ,warm,Sự kiện toà nhà văn phòng,QR-013
QR-02992,0917-695-145,Khách hàng 2992,2026-09-23T15:20:00Z,CMP-2026-Q3,,App số & Tiết kiệm online,Miền Bắc,CN Hải Phòng,Hỗ trợ hồ sơ,Mới,hot,Sự kiện toà nhà văn phòng,QR-001
QR-03849,0916-721-182,Khách hàng 3849,2026-09-24T18:19:00Z,CMP-2026-Q3,,App số & Tiết kiệm online,Miền Nam,CN TP.HCM - Quận 1,Mở mới,Chuyển hồ sơ,warm,Sự kiện toà nhà văn phòng,QR-021
QR-00773,0907-032-524,Khách hàng 0773,2026-09-24T19:04:00Z,CMP-2026-Q3,P-Q3-14,App số & Tiết kiệm online,Miền Trung,CN Huế,Mở mới,Đã tư vấn,warm,Roadshow chi nhánh,QR-001
QR-03002,0918-414-860,Khách hàng 3002,2026-09-25T10:01:00Z,CMP-2026-Q3,,App số & Tiết kiệm online,Miền Nam,CN TP.HCM - Thủ Đức,Hỗ trợ hồ sơ,Mới,nurture,Hội chợ tài chính,QR-025
QR-00799,0932-541-895,Khách hàng 0799,2026-10-06T18:46:00Z,CMP-2026-Q4,P-Q4-01,Tài khoản lương,Miền Bắc,CN Bắc Ninh,Tư vấn sản phẩm,Không liên hệ được,low_priority,Hội chợ tài chính,QR-036
QR-04511,0965-853-013,Khách hàng 4511,2026-10-08T11:13:00Z,CMP-2026-Q4,,Thẻ tín dụng hoàn tiền,Miền Nam,CN TP.HCM - Thủ Đức,Mở mới,Đang liên hệ,nurture,Roadshow chi nhánh,QR-024
QR-00790,0977-190-543,Khách hàng 0790,2026-10-08T11:51:00Z,CMP-2026-Q3,P-Q3-15,Thẻ tín dụng hoàn tiền,Miền Nam,CN Bình Dương,Mở mới,Không liên hệ được,warm,Sự kiện toà nhà văn phòng,QR-021
QR-04934,0909-113-536,Khách hàng 4934,2026-10-08T12:24:00Z,CMP-2026-Q4,,Tài khoản lương,Miền Nam,CN Bình Dương,Mở mới,Thành công,nurture,Hội chợ tài chính,QR-032
QR-04826,0994-009-811,Khách hàng 4826,2026-10-08T13:05:00Z,CMP-2026-Q4,,Thẻ tín dụng hoàn tiền,Miền Trung,CN Đà Nẵng,Hỏi ưu đãi,Mới,warm,Roadshow chi nhánh,QR-039
QR-05493,0976-318-834,Khách hàng 4080,2026-10-10T02:48:00Z,CMP-2026-Q4,,Tài khoản lương,Miền Bắc,CN Hà Nội - Cầu Giấy,Hỗ trợ hồ sơ,Mới,nurture,Roadshow chi nhánh,QR-004
QR-05205,0924-917-416,Khách hàng 5205,2026-10-10T14:44:00Z,CMP-2026-Q4,,Tài khoản lương,Miền Bắc,CN Hà Nội - Cầu Giấy,Mở mới,Đang liên hệ,nurture,Hội chợ tài chính,QR-012
QR-04700,0940-264-468,Khách hàng 4700,2026-10-11T15:02:00Z,CMP-2026-Q4,,Tài khoản lương,Miền Nam,CN Cần Thơ,Mở mới,Không liên hệ được,hot,Sự kiện toà nhà văn phòng,QR-034
QR-00821,0921-409-863,Khách hàng 0821,2026-10-12T14:47:00Z,CMP-2026-Q4,P-Q4-02,Tài khoản lương,Miền Bắc,CN Hà Nội - Ba Đình,Mở mới,Đang liên hệ,hot,Hội chợ tài chính,QR-030
QR-04030,0949-857-717,Khách hàng 4030,2026-10-12T17:42:00Z,CMP-2026-Q4,,Tài khoản lương,Miền Bắc,CN Bắc Ninh,Mở mới,Mới,warm,Hội chợ tài chính,QR-018
QR-04416,0916-532-795,Khách hàng 4416,2026-10-12T18:22:00Z,CMP-2026-Q4,,Tài khoản lương,Miền Bắc,CN Hà Nội - Ba Đình,Tư vấn sản phẩm,Đã tư vấn,warm,Sự kiện toà nhà văn phòng,QR-024
QR-04796,0951-074-385,Khách hàng 4796,2026-10-15T14:03:00Z,CMP-2026-Q4,,Tài khoản lương,Miền Trung,CN Huế,So sánh sản phẩm,Không liên hệ được,nurture,Roadshow chi nhánh,QR-021
QR-05657,0907-392-557,Khách hàng 4149,2026-10-16T02:04:00Z,CMP-2026-Q4,,Tài khoản lương,Miền Nam,CN TP.HCM - Quận 1,Tư vấn sản phẩm,Đang liên hệ,nurture,Ngày hội khách hàng,QR-030
QR-05391,0958-791-675,Khách hàng 5391,2026-10-16T13:21:00Z,CMP-2026-Q4,,Tài khoản lương,Miền Nam,CN TP.HCM - Quận 1,Hỏi ưu đãi,Đã tư vấn,hot,Sự kiện toà nhà văn phòng,QR-027
QR-00809,0951-769-293,Khách hàng 0809,2026-10-16T15:19:00Z,CMP-2026-Q4,P-Q4-01,Tài khoản lương,Miền Nam,CN Bình Dương,Mở mới,Đã tư vấn,hot,Roadshow chi nhánh,QR-019
QR-04414,0936-699-123,Khách hàng 4414,2026-10-18T11:01:00Z,CMP-2026-Q4,,Tài khoản lương,Miền Bắc,CN Hải Phòng,Mở mới,Mới,warm,Ngày hội khách hàng,QR-012
QR-04604,0912-451-720,Khách hàng 4604,2026-10-19T15:51:00Z,CMP-2026-Q4,,App số & Tiết kiệm online,Miền Nam,CN Bình Dương,Hỗ trợ hồ sơ,Thành công,nurture,Roadshow chi nhánh,QR-023
QR-04225,0901-630-524,Khách hàng 4225,2026-10-23T15:14:00Z,CMP-2026-Q4,,Tài khoản lương,Miền Bắc,CN Hải Phòng,Mở mới,Mới,nurture,Sự kiện toà nhà văn phòng,QR-035
QR-05333,0985-497-820,Khách hàng 5333,2026-10-26T08:05:00Z,CMP-2026-Q4,,Tài khoản lương,Miền Trung,CN Đà Nẵng,Mở mới,Mới,nurture,Hội chợ tài chính,QR-024
QR-04687,0928-413-974,Khách hàng 4687,2026-10-27T15:05:00Z,CMP-2026-Q4,,Tài khoản lương,Miền Trung,CN Nha Trang,Hỗ trợ hồ sơ,Đã tư vấn,warm,Hội chợ tài chính,QR-026
QR-05547,0922-575-764,Khách hàng 4712,2026-10-29T00:45:00Z,CMP-2026-Q4,,Tài khoản lương,Miền Nam,CN TP.HCM - Thủ Đức,Mở mới,Mới,nurture,Hội chợ tài chính,QR-030
QR-05500,0917-901-031,Khách hàng 4482,2026-10-29T02:28:00Z,CMP-2026-Q4,,Tài khoản lương,Miền Nam,CN Cần Thơ,Mở mới,Mới,nurture,Ngày hội khách hàng,QR-005
QR-05367,0979-667-508,Khách hàng 5367,2026-10-29T20:35:00Z,CMP-2026-Q4,,Tài khoản lương,Miền Nam,CN Bình Dương,Hỗ trợ hồ sơ,Mới,hot,Sự kiện toà nhà văn phòng,QR-033
QR-00871,0950-535-529,Khách hàng 0871,2026-10-29T21:54:00Z,CMP-2026-Q4,P-Q4-05,Thẻ tín dụng hoàn tiền,Miền Bắc,CN Hải Phòng,Hỗ trợ hồ sơ,Không liên hệ được,warm,Roadshow chi nhánh,QR-021
QR-04718,0957-164-751,Khách hàng 4718,2026-10-31T20:42:00Z,CMP-2026-Q4,,Tài khoản lương,Miền Bắc,CN Bắc Ninh,Mở mới,Đang liên hệ,warm,Hội chợ tài chính,QR-029
QR-05650,0912-502-891,Khách hàng 4548,2026-11-02T12:08:00Z,CMP-2026-Q4,,Tài khoản lương,Miền Nam,CN Cần Thơ,Hỏi ưu đãi,Mới,warm,Ngày hội khách hàng,QR-008
QR-04015,0951-996-704,Khách hàng 4015,2026-11-03T16:54:00Z,CMP-2026-Q4,,Tài khoản lương,Miền Bắc,CN Hà Nội - Ba Đình,So sánh sản phẩm,Mới,nurture,Hội chợ tài chính,QR-002
QR-00847,0966-406-437,Khách hàng 0847,2026-11-03T20:29:00Z,CMP-2026-Q4,P-Q4-04,Tài khoản lương,Miền Nam,CN Cần Thơ,Tư vấn sản phẩm,Chuyển hồ sơ,hot,Sự kiện toà nhà văn phòng,QR-014
QR-05289,0938-238-791,Khách hàng 5289,2026-11-04T13:05:00Z,CMP-2026-Q4,,Tài khoản lương,Miền Nam,CN Bình Dương,Hỏi ưu đãi,Chuyển hồ sơ,warm,Ngày hội khách hàng,QR-013
QR-04048,0923-374-492,Khách hàng 4048,2026-11-05T11:14:00Z,CMP-2026-Q4,,Tài khoản lương,Miền Nam,CN TP.HCM - Quận 1,Hỏi ưu đãi,Đang liên hệ,low_priority,Hội chợ tài chính,QR-023
QR-05663,0975-561-749,Khách hàng 4044,2026-11-05T18:18:00Z,CMP-2026-Q4,,Tài khoản lương,Miền Nam,CN Bình Dương,Mở mới,Thành công,nurture,Roadshow chi nhánh,QR-007
QR-00870,0927-094-813,Khách hàng 0870,2026-11-06T15:37:00Z,CMP-2026-Q4,P-Q4-05,Tài khoản lương,Miền Bắc,CN Hà Nội - Cầu Giấy,Mở mới,Đã tư vấn,hot,Sự kiện toà nhà văn phòng,QR-020
QR-04358,0977-858-243,Khách hàng 4358,2026-11-06T19:23:00Z,CMP-2026-Q4,,Tài khoản lương,Miền Trung,CN Đà Nẵng,Hỗ trợ hồ sơ,Đã tư vấn,nurture,Hội chợ tài chính,QR-029
QR-04574,0924-733-806,Khách hàng 4574,2026-11-08T17:02:00Z,CMP-2026-Q4,,Tài khoản lương,Miền Nam,CN Cần Thơ,So sánh sản phẩm,Đang liên hệ,low_priority,Roadshow chi nhánh,QR-024
QR-04738,0958-724-760,Khách hàng 4738,2026-11-10T11:42:00Z,CMP-2026-Q4,,Tài khoản lương,Miền Nam,CN TP.HCM - Quận 1,Mở mới,Chuyển hồ sơ,warm,Hội chợ tài chính,QR-010
QR-00900,0907-336-006,Khách hàng 0900,2026-11-11T07:50:00Z,CMP-2026-Q4,P-Q4-06,Tài khoản lương,Miền Nam,CN TP.HCM - Quận 1,Tư vấn sản phẩm,Đã tư vấn,warm,Sự kiện toà nhà văn phòng,QR-040
QR-04083,0997-174-791,Khách hàng 4083,2026-11-11T12:28:00Z,CMP-2026-Q4,,Vay mua nhà,Miền Bắc,CN Hà Nội - Cầu Giấy,Tư vấn sản phẩm,Chuyển hồ sơ,hot,Roadshow chi nhánh,QR-022
QR-04920,0972-561-752,Khách hàng 4920,2026-11-12T20:10:00Z,CMP-2026-Q4,,Tài khoản lương,Miền Bắc,CN Bắc Ninh,Tư vấn sản phẩm,Chuyển hồ sơ,warm,Roadshow chi nhánh,QR-039
QR-00929,0960-286-707,Khách hàng 0929,2026-11-13T21:29:00Z,CMP-2026-Q4,P-Q4-08,Tài khoản lương,Miền Bắc,CN Hải Phòng,So sánh sản phẩm,Chuyển hồ sơ,hot,Ngày hội khách hàng,QR-011
QR-04285,0998-671-607,Khách hàng 4285,2026-11-14T08:46:00Z,CMP-2026-Q4,,Tài khoản lương,Miền Nam,CN TP.HCM - Quận 1,Hỏi ưu đãi,Chuyển hồ sơ,nurture,Ngày hội khách hàng,QR-031
QR-00859,0913-499-600,Khách hàng 0859,2026-11-14T10:46:00Z,CMP-2026-Q4,P-Q4-05,Tài khoản lương,Miền Bắc,CN Hải Phòng,Mở mới,Không liên hệ được,warm,Roadshow chi nhánh,QR-002
QR-04445,0998-380-338,Khách hàng 4445,2026-11-14T11:25:00Z,CMP-2026-Q4,,Tài khoản lương,Miền Nam,CN TP.HCM - Quận 1,Tư vấn sản phẩm,Đã tư vấn,nurture,Ngày hội khách hàng,QR-037
QR-04864,0999-583-665,Khách hàng 4864,2026-11-14T11:28:00Z,CMP-2026-Q4,,Tài khoản lương,Miền Nam,CN Cần Thơ,Tư vấn sản phẩm,Đang liên hệ,nurture,Sự kiện toà nhà văn phòng,QR-040
QR-04233,0963-360-728,Khách hàng 4233,2026-11-14T14:56:00Z,CMP-2026-Q4,,Tài khoản lương,Miền Nam,CN TP.HCM - Thủ Đức,Tư vấn sản phẩm,Mới,low_priority,Hội chợ tài chính,QR-031
QR-04533,0940-557-335,Khách hàng 4533,2026-11-15T14:49:00Z,CMP-2026-Q4,,Tài khoản lương,Miền Trung,CN Đà Nẵng,Mở mới,Đang liên hệ,hot,Ngày hội khách hàng,QR-038
QR-04100,0968-651-768,Khách hàng 4100,2026-11-15T17:09:00Z,CMP-2026-Q4,,Tài khoản lương,Miền Nam,CN Bình Dương,Hỗ trợ hồ sơ,Thành công,warm,Ngày hội khách hàng,QR-016
QR-00935,0956-197-011,Khách hàng 0935,2026-11-16T13:56:00Z,CMP-2026-Q4,P-Q4-08,Tài khoản lương,Miền Nam,CN Cần Thơ,Hỏi ưu đãi,Chuyển hồ sơ,hot,Hội chợ tài chính,QR-009
QR-00872,0980-024-888,Khách hàng 0872,2026-11-16T18:10:00Z,CMP-2026-Q4,P-Q4-05,Tài khoản lương,Miền Bắc,CN Bắc Ninh,Mở mới,Đang liên hệ,nurture,Hội chợ tài chính,QR-011
QR-05208,0998-974-628,Khách hàng 5208,2026-11-17T20:47:00Z,CMP-2026-Q4,,Vay mua nhà,Miền Bắc,CN Hà Nội - Ba Đình,Hỏi ưu đãi,Mới,nurture,Roadshow chi nhánh,QR-023
QR-00910,0925-069-295,Khách hàng 0910,2026-11-18T07:55:00Z,CMP-2026-Q4,P-Q4-07,Tài khoản lương,Miền Trung,CN Huế,Tư vấn sản phẩm,Chuyển hồ sơ,warm,Hội chợ tài chính,QR-021
QR-05302,0998-689-161,Khách hàng 5302,2026-11-18T10:40:00Z,CMP-2026-Q4,,Tài khoản lương,Miền Nam,CN Bình Dương,Tư vấn sản phẩm,Đã tư vấn,nurture,Sự kiện toà nhà văn phòng,QR-027
QR-05426,0963-381-132,Khách hàng 5426,2026-11-18T19:30:00Z,CMP-2026-Q4,,Tài khoản lương,Miền Bắc,CN Hà Nội - Ba Đình,Hỏi ưu đãi,Thành công,warm,Sự kiện toà nhà văn phòng,QR-010
QR-04654,0968-067-597,Khách hàng 4654,2026-11-19T09:11:00Z,CMP-2026-Q4,,App số & Tiết kiệm online,Miền Bắc,CN Hà Nội - Ba Đình,Mở mới,Thành công,nurture,Hội chợ tài chính,QR-030
QR-05287,0905-647-982,Khách hàng 5287,2026-11-19T12:44:00Z,CMP-2026-Q4,,App số & Tiết kiệm online,Miền Nam,CN Cần Thơ,Mở mới,Mới,warm,Hội chợ tài chính,QR-032
QR-00911,0919-108-939,Khách hàng 0911,2026-11-19T14:48:00Z,CMP-2026-Q4,P-Q4-07,Tài khoản lương,Miền Nam,CN TP.HCM - Quận 1,Mở mới,Chuyển hồ sơ,warm,Ngày hội khách hàng,QR-039
QR-04552,0993-772-134,Khách hàng 4552,2026-11-20T18:48:00Z,CMP-2026-Q4,,Tài khoản lương,Miền Trung,CN Huế,Tư vấn sản phẩm,Chuyển hồ sơ,low_priority,Sự kiện toà nhà văn phòng,QR-017
QR-04426,0924-354-086,Khách hàng 4426,2026-11-22T12:05:00Z,CMP-2026-Q4,,Tài khoản lương,Miền Bắc,CN Hà Nội - Ba Đình,Tư vấn sản phẩm,Đang liên hệ,nurture,Hội chợ tài chính,QR-027
QR-04449,0982-877-037,Khách hàng 4449,2026-11-23T12:21:00Z,CMP-2026-Q4,,Tài khoản lương,Miền Bắc,CN Bắc Ninh,Hỗ trợ hồ sơ,Mới,nurture,Roadshow chi nhánh,QR-011
QR-04581,0909-354-601,Khách hàng 4581,2026-11-23T15:23:00Z,CMP-2026-Q4,,Tài khoản lương,Miền Trung,CN Đà Nẵng,Hỗ trợ hồ sơ,Mới,nurture,Ngày hội khách hàng,QR-038
QR-05112,0981-172-594,Khách hàng 5112,2026-11-26T10:03:00Z,CMP-2026-Q4,,Tài khoản lương,Miền Nam,CN Bình Dương,Hỗ trợ hồ sơ,Đã tư vấn,nurture,Hội chợ tài chính,QR-005
QR-05550,0939-653-726,Khách hàng 4829,2026-11-28T11:55:00Z,CMP-2026-Q4,,Tài khoản lương,Miền Nam,CN TP.HCM - Thủ Đức,Mở mới,Thành công,low_priority,Sự kiện toà nhà văn phòng,QR-029
QR-04978,0935-171-854,Khách hàng 4978,2026-11-30T12:09:00Z,CMP-2026-Q4,,App số & Tiết kiệm online,Miền Trung,CN Huế,So sánh sản phẩm,Thành công,nurture,Hội chợ tài chính,QR-037
QR-04947,0900-734-091,Khách hàng 4947,2026-12-01T09:08:00Z,CMP-2026-Q4,,Tài khoản lương,Miền Bắc,CN Bắc Ninh,Tư vấn sản phẩm,Chuyển hồ sơ,warm,Sự kiện toà nhà văn phòng,QR-023
QR-05258,0987-573-674,Khách hàng 5258,2026-12-03T15:44:00Z,CMP-2026-Q4,,Tài khoản lương,Miền Trung,CN Đà Nẵng,Tư vấn sản phẩm,Thành công,nurture,Roadshow chi nhánh,QR-038
QR-04532,0942-689-171,Khách hàng 4532,2026-12-03T18:53:00Z,CMP-2026-Q4,,Tài khoản lương,Miền Bắc,CN Hà Nội - Cầu Giấy,Tư vấn sản phẩm,Mới,warm,Roadshow chi nhánh,QR-012
QR-04056,0935-978-478,Khách hàng 4056,2026-12-03T20:17:00Z,CMP-2026-Q4,,Tài khoản lương,Miền Nam,CN TP.HCM - Quận 1,Tư vấn sản phẩm,Đang liên hệ,hot,Roadshow chi nhánh,QR-002
QR-00984,0955-203-540,Khách hàng 0984,2026-12-04T15:03:00Z,CMP-2026-Q4,P-Q4-12,Tài khoản lương,Miền Bắc,CN Hà Nội - Cầu Giấy,Hỗ trợ hồ sơ,Đang liên hệ,hot,Ngày hội khách hàng,QR-009
QR-04848,0967-396-270,Khách hàng 4848,2026-12-04T15:19:00Z,CMP-2026-Q4,,Tài khoản lương,Miền Nam,CN Bình Dương,Hỏi ưu đãi,Thành công,nurture,Roadshow chi nhánh,QR-027
QR-04906,0945-910-865,Khách hàng 4906,2026-12-05T15:04:00Z,CMP-2026-Q4,,Tài khoản lương,Miền Bắc,CN Hà Nội - Cầu Giấy,Tư vấn sản phẩm,Mới,low_priority,Sự kiện toà nhà văn phòng,QR-012
QR-00956,0936-125-391,Khách hàng 0956,2026-12-07T08:42:00Z,CMP-2026-Q4,P-Q4-10,Tài khoản lương,Miền Bắc,CN Hải Phòng,Tư vấn sản phẩm,Mới,warm,Hội chợ tài chính,QR-020
QR-05117,0932-792-281,Khách hàng 5117,2026-12-07T14:16:00Z,CMP-2026-Q4,,Tài khoản lương,Miền Nam,CN Bình Dương,Mở mới,Thành công,warm,Sự kiện toà nhà văn phòng,QR-037
QR-01032,0978-236-580,Khách hàng 1032,2026-12-07T19:46:00Z,CMP-2026-Q4,P-Q4-12,Tài khoản lương,Miền Bắc,CN Hải Phòng,Mở mới,Không liên hệ được,warm,Hội chợ tài chính,QR-027
QR-05542,0938-988-887,Khách hàng 1040,2026-12-08T15:27:00Z,CMP-2026-Q4,P-Q4-12,Tài khoản lương,Miền Bắc,CN Hải Phòng,Hỗ trợ hồ sơ,Chuyển hồ sơ,nurture,Sự kiện toà nhà văn phòng,QR-024
QR-05243,0954-436-131,Khách hàng 5243,2026-12-09T16:19:00Z,CMP-2026-Q4,,Vay mua nhà,Miền Nam,CN TP.HCM - Quận 1,Mở mới,Mới,low_priority,Ngày hội khách hàng,QR-006
QR-05654,0995-944-372,Khách hàng 4013,2026-12-09T21:21:00Z,CMP-2026-Q4,,Tài khoản lương,Miền Bắc,CN Bắc Ninh,Mở mới,Đã tư vấn,low_priority,Hội chợ tài chính,QR-004
QR-00939,0948-403-506,Khách hàng 0939,2026-12-10T07:28:00Z,CMP-2026-Q4,P-Q4-09,Tài khoản lương,Miền Nam,CN TP.HCM - Thủ Đức,Hỗ trợ hồ sơ,Không liên hệ được,warm,Roadshow chi nhánh,QR-024
QR-05267,0900-139-384,Khách hàng 5267,2026-12-10T10:10:00Z,CMP-2026-Q4,,Thẻ tín dụng hoàn tiền,Miền Bắc,CN Bắc Ninh,Tư vấn sản phẩm,Chuyển hồ sơ,nurture,Ngày hội khách hàng,QR-011
QR-04181,0993-530-750,Khách hàng 4181,2026-12-10T12:49:00Z,CMP-2026-Q4,,Vay mua nhà,Miền Bắc,CN Bắc Ninh,Hỗ trợ hồ sơ,Không liên hệ được,nurture,Sự kiện toà nhà văn phòng,QR-037
QR-04535,0952-162-607,Khách hàng 4535,2026-12-10T18:53:00Z,CMP-2026-Q4,,Tài khoản lương,Miền Nam,CN TP.HCM - Quận 1,Tư vấn sản phẩm,Thành công,warm,Roadshow chi nhánh,QR-019
QR-04859,0983-389-662,Khách hàng 4859,2026-12-11T11:06:00Z,CMP-2026-Q4,,Tài khoản lương,Miền Bắc,CN Hà Nội - Cầu Giấy,Mở mới,Đã tư vấn,hot,Sự kiện toà nhà văn phòng,QR-037
QR-05312,0981-257-872,Khách hàng 5312,2026-12-11T16:56:00Z,CMP-2026-Q4,,Tài khoản lương,Miền Bắc,CN Bắc Ninh,Mở mới,Không liên hệ được,nurture,Roadshow chi nhánh,QR-011
QR-01029,0943-330-398,Khách hàng 1029,2026-12-12T20:30:00Z,CMP-2026-Q4,P-Q4-12,Tài khoản lương,Miền Nam,CN Cần Thơ,Mở mới,Mới,warm,Roadshow chi nhánh,QR-022
QR-01017,0993-265-119,Khách hàng 1017,2026-12-13T11:04:00Z,CMP-2026-Q4,P-Q4-12,Tài khoản lương,Miền Bắc,CN Hà Nội - Ba Đình,Mở mới,Đang liên hệ,warm,Sự kiện toà nhà văn phòng,QR-003
QR-05572,0910-395-212,Khách hàng 4754,2026-12-13T21:34:00Z,CMP-2026-Q4,,Tài khoản lương,Miền Trung,CN Huế,Tư vấn sản phẩm,Thành công,hot,Ngày hội khách hàng,QR-024
QR-05350,0959-312-434,Khách hàng 5350,2026-12-14T09:35:00Z,CMP-2026-Q4,,Tài khoản lương,Miền Bắc,CN Bắc Ninh,Mở mới,Chuyển hồ sơ,warm,Hội chợ tài chính,QR-031
QR-01054,0996-747-081,Khách hàng 1054,2026-12-14T18:44:00Z,CMP-2026-Q4,P-Q4-13,Tài khoản lương,Miền Nam,CN Cần Thơ,So sánh sản phẩm,Chuyển hồ sơ,hot,Hội chợ tài chính,QR-029
QR-05341,0954-735-697,Khách hàng 5341,2026-12-14T20:17:00Z,CMP-2026-Q4,,Vay mua nhà,Miền Nam,CN Bình Dương,Tư vấn sản phẩm,Thành công,warm,Ngày hội khách hàng,QR-019
QR-04822,0913-607-693,Khách hàng 4822,2026-12-15T11:47:00Z,CMP-2026-Q4,,Tài khoản lương,Miền Nam,CN Bình Dương,Hỏi ưu đãi,Chuyển hồ sơ,nurture,Sự kiện toà nhà văn phòng,QR-012
QR-05524,0931-005-018,Khách hàng 1010,2026-12-16T02:59:00Z,CMP-2026-Q4,P-Q4-12,Tài khoản lương,Miền Bắc,CN Bắc Ninh,Hỏi ưu đãi,Thành công,warm,Ngày hội khách hàng,QR-029
QR-01059,0986-315-789,Khách hàng 1059,2026-12-16T12:22:00Z,CMP-2026-Q4,P-Q4-14,Thẻ tín dụng hoàn tiền,Miền Nam,CN Bình Dương,Hỏi ưu đãi,Chuyển hồ sơ,hot,Sự kiện toà nhà văn phòng,QR-028
QR-05653,0974-998-974,Khách hàng 5335,2026-12-16T13:46:00Z,CMP-2026-Q4,,Tài khoản lương,Miền Nam,CN TP.HCM - Thủ Đức,Hỗ trợ hồ sơ,Thành công,nurture,Hội chợ tài chính,QR-040
QR-04206,0991-971-691,Khách hàng 4206,2026-12-17T20:03:00Z,CMP-2026-Q4,,Tài khoản lương,Miền Nam,CN Cần Thơ,Hỏi ưu đãi,Mới,hot,Roadshow chi nhánh,QR-004
QR-05425,0923-573-229,Khách hàng 5425,2026-12-18T13:15:00Z,CMP-2026-Q4,,App số & Tiết kiệm online,Miền Trung,CN Đà Nẵng,So sánh sản phẩm,Thành công,warm,Ngày hội khách hàng,QR-028
QR-01075,0999-822-313,Khách hàng 1075,2026-12-18T14:43:00Z,CMP-2026-Q4,P-Q4-14,Tài khoản lương,Miền Nam,CN TP.HCM - Quận 1,Mở mới,Đã tư vấn,hot,Sự kiện toà nhà văn phòng,QR-036
QR-05480,0993-698-135,Khách hàng 1071,2026-12-19T20:36:00Z,CMP-2026-Q4,P-Q4-14,Tài khoản lương,Miền Trung,CN Nha Trang,So sánh sản phẩm,Đã tư vấn,warm,Sự kiện toà nhà văn phòng,QR-028
QR-05254,0913-571-739,Khách hàng 5254,2026-12-20T10:59:00Z,CMP-2026-Q4,,Tài khoản lương,Miền Trung,CN Huế,Hỗ trợ hồ sơ,Chuyển hồ sơ,nurture,Ngày hội khách hàng,QR-036
QR-05071,0941-138-653,Khách hàng 5071,2026-12-20T13:27:00Z,CMP-2026-Q4,,Tài khoản lương,Miền Trung,CN Nha Trang,Mở mới,Đang liên hệ,low_priority,Roadshow chi nhánh,QR-032
QR-04818,0970-689-457,Khách hàng 4818,2026-12-20T13:47:00Z,CMP-2026-Q4,,Tài khoản lương,Miền Nam,CN TP.HCM - Thủ Đức,Hỏi ưu đãi,Đang liên hệ,nurture,Sự kiện toà nhà văn phòng,QR-007
QR-05569,0943-858-275,Khách hàng 0982,2026-12-20T15:53:00Z,CMP-2026-Q4,P-Q4-11,Tài khoản lương,Miền Nam,CN TP.HCM - Thủ Đức,Mở mới,Không liên hệ được,nurture,Ngày hội khách hàng,QR-014
QR-04027,0929-971-876,Khách hàng 4027,2026-12-20T20:49:00Z,CMP-2026-Q4,,Tài khoản lương,Miền Nam,CN TP.HCM - Quận 1,So sánh sản phẩm,Đã tư vấn,low_priority,Hội chợ tài chính,QR-031
QR-01076,0958-894-563,Khách hàng 1076,2026-12-21T10:27:00Z,CMP-2026-Q4,P-Q4-14,Tài khoản lương,Miền Bắc,CN Hải Phòng,So sánh sản phẩm,Mới,hot,Hội chợ tài chính,QR-027
QR-04411,0982-157-824,Khách hàng 4411,2026-12-21T11:08:00Z,CMP-2026-Q4,,Tài khoản lương,Miền Nam,CN Bình Dương,Mở mới,Mới,low_priority,Ngày hội khách hàng,QR-033
QR-05081,0907-895-872,Khách hàng 5081,2026-12-21T13:38:00Z,CMP-2026-Q4,,Tài khoản lương,Miền Nam,CN Bình Dương,Mở mới,Mới,hot,Sự kiện toà nhà văn phòng,QR-017
QR-05097,0964-460-549,Khách hàng 5097,2026-12-21T19:07:00Z,CMP-2026-Q4,,Tài khoản lương,Miền Bắc,CN Hà Nội - Ba Đình,Mở mới,Thành công,hot,Roadshow chi nhánh,QR-031
QR-04340,0931-796-129,Khách hàng 4340,2026-12-22T11:16:00Z,CMP-2026-Q4,,Tài khoản lương,Miền Trung,CN Huế,Tư vấn sản phẩm,Mới,low_priority,Ngày hội khách hàng,QR-040
QR-04563,0939-331-455,Khách hàng 4563,2026-12-23T09:52:00Z,CMP-2026-Q4,,Tài khoản lương,Miền Nam,CN Cần Thơ,Tư vấn sản phẩm,Không liên hệ được,warm,Hội chợ tài chính,QR-019
QR-04879,0943-241-474,Khách hàng 4879,2026-12-23T10:46:00Z,CMP-2026-Q4,,Tài khoản lương,Miền Bắc,CN Hải Phòng,Mở mới,Mới,nurture,Ngày hội khách hàng,QR-037
QR-04739,0975-985-076,Khách hàng 4739,2026-12-23T12:25:00Z,CMP-2026-Q4,,Tài khoản lương,Miền Nam,CN Cần Thơ,Hỗ trợ hồ sơ,Chuyển hồ sơ,hot,Ngày hội khách hàng,QR-007
QR-00989,0999-621-375,Khách hàng 0989,2026-12-23T18:50:00Z,CMP-2026-Q4,P-Q4-12,Tài khoản lương,Miền Bắc,CN Hà Nội - Ba Đình,Mở mới,Mới,low_priority,Hội chợ tài chính,QR-012
QR-04120,0943-079-172,Khách hàng 4120,2026-12-24T14:05:00Z,CMP-2026-Q4,,Tài khoản lương,Miền Nam,CN Bình Dương,Mở mới,Thành công,low_priority,Ngày hội khách hàng,QR-018
QR-01052,0997-823-281,Khách hàng 1052,2026-12-24T16:17:00Z,CMP-2026-Q4,P-Q4-13,Tài khoản lương,Miền Bắc,CN Hải Phòng,Mở mới,Thành công,low_priority,Ngày hội khách hàng,QR-026
